Borough	Event Type	Audience	Attendance	Class
Queens	Local Event	General Public	1200.0	Play
Queens	Local Event	General Public	600.0	Play
Queens	Local Event	General Public	400.0	Play
Queens	Local Event	General Public	250.0	Play
Queens	Local Event	General Public	190.0	Play
Queens	Local Event	General Public	200.0	Play
Queens	Local Event	General Public	350.0	Play
Queens	Open House	General Public	80.0	AC&F
Queens	Community Based Event	General Public	1000.0	Play
Brooklyn	Tournament/Competition	Seniors	102.0	Sport
Queens	Tournament/Competition	Young Adult,Adults,Seniors	254.0	Sport
Bronx	Tournament/Competition	Seniors	116.0	Sport
Queens	Tournament/Competition	Children,General Public	928.0	Sport
Queens	Tournament/Competition	Children,General Public	1288.0	Sport
Queens	Tournament/Competition	Children,General Public	1047.0	Sport
Queens	Tournament/Competition	Children,General Public	1255.0	Sport
Manhattan	Community Based Event	General Public	12.0	Other
Manhattan	Community Based Event	General Public	4.0	AC&F
Manhattan	Community Based Event	General Public	29.0	Dance
Manhattan	Community Based Event	General Public	65.0	AC&F
Manhattan	Community Based Event	General Public	185.0	Dance
Manhattan	Community Based Event	General Public	69.0	AC&F
Manhattan	Community Based Event	General Public	12.0	Other
Manhattan	Community Based Event	General Public	70.0	AC&F
Manhattan	Community Based Event	General Public	21.0	Other
Queens	Community Based Event	General Public	75.0	Play
Queens	Community Based Event	Children,Teens	19.0	Other
Queens	Community Based Event	Children,Teens	23.0	Other
Manhattan	Community Based Event	Adults,Teens,Seniors,General Public	6.0	Other
Manhattan	Community Based Event	General Public	10.0	Other
Manhattan	Community Based Event	Seniors	2.0	Other
Manhattan	Community Based Event	General Public	90.0	AC&F
Manhattan	Community Based Event	Teens	12.0	Fitness
Manhattan	Community Based Event	General Public	85.0	Other
Manhattan	Community Based Event	General Public	40.0	AC&F
Manhattan	Community Based Event	General Public	85.0	AC&F
Manhattan	Community Based Event	Children,Young Adult,Teens	35.0	Other
Manhattan	Community Based Event	Adults,Teens,Young Adult,General Public	246.0	M.U.T.S
Manhattan	Community Based Event	Children,Young Adult,Teens,Adults	48.0	Other
Brooklyn	Agency Produced Event	Adults	10.0	Sport
Manhattan	Community Based Event	General Public,Teens,Adults	290.0	M.U.T.S
Manhattan	Community Based Event	General Public	350.0	AC&F
Manhattan	Community Based Event	Adults,Teens,General Public	25.0	Dance
Manhattan	Community Based Event	Children,Young Adult,General Public	325.0	M.U.T.S
Staten Island	Community Based Event	General Public	70.0	M.U.T.S
Staten Island	Community Based Event	General Public	125.0	M.U.T.S
Staten Island	Community Based Event	General Public	75.0	M.U.T.S
Manhattan	Community Based Event	Adults,Teens,Young Adult,General Public	60.0	Dance
Manhattan	Community Based Event	General Public,Adults,Young Adult,Seniors	166.0	Fitness
Manhattan	Community Based Event	General Public,Tot,Children	778.0	Other
Manhattan	Community Based Event	General Public	212.0	AC&F
Manhattan	Community Based Event	Teens,Adults,Young Adult,General Public	281.0	M.U.T.S
Staten Island	Community Based Event	General Public	45.0	M.U.T.S
Staten Island	Community Based Event	General Public	75.0	M.U.T.S
Staten Island	Community Based Event	General Public	45.0	M.U.T.S
Staten Island	Community Based Event	General Public	65.0	M.U.T.S
Staten Island	Community Based Event	General Public	35.0	M.U.T.S
Staten Island	Community Based Event	General Public	40.0	M.U.T.S
Brooklyn	Community Based Event	General Public	625.0	Music
Brooklyn	Community Based Event	Children,Young Adult,Adults,Teens,Seniors,Adaptive,General Public	75.0	Dance
Brooklyn	Community Based Event	Young Adult,Adults,Teens,Seniors,General Public	225.0	M.U.T.S
Brooklyn	Community Based Event	Young Adult,Adults,Teens,Seniors,General Public	550.0	Music
Brooklyn	Community Based Event	Tot,Children,Young Adult,Teens,Adults,General Public,Adaptive,Seniors	200.0	M.U.T.S
Brooklyn	Community Based Event	Young Adult,Adults,Teens,Seniors	500.0	M.U.T.S
Manhattan	Community Based Event	Adults,Young Adult,Seniors,General Public	160.0	AC&F
Manhattan	Community Based Event	Young Adult,Adults,Seniors	43.0	Fitness
Manhattan	Community Based Event	Children,Young Adult,Adults,Teens,General Public,Seniors,Adaptive	80.0	AC&F
Queens	Community Based Event	General Public	300.0	M.U.T.S
Queens	Community Based Event	General Public	300.0	M.U.T.S
Queens	Community Based Event	General Public	160.0	M.U.T.S
Queens	Community Based Event	General Public	160.0	M.U.T.S
Bronx	Community Based Event	General Public	60.0	M.U.T.S
Bronx	Community Based Event	General Public	20.0	M.U.T.S
Bronx	Community Based Event	General Public	30.0	M.U.T.S
Brooklyn	Community Based Event	General Public	350.0	Other
Manhattan	Local Event	Teens	5.0	Fitness
Queens	Community Based Event	Children	83.0	Play
Queens	Community Based Event	Children,Adaptive	217.0	Play
Queens	Community Based Event	Tot,Children,Young Adult	70.0	Other
Manhattan	Community Based Event	General Public,Adults,Young Adult,Children	325.0	M.U.T.S
Manhattan	Community Based Event	General Public,Teens,Adults	165.0	M.U.T.S
Manhattan	Community Based Event	General Public	125.0	AC&F
Manhattan	Community Based Event	General Public	55.0	Dance
Manhattan	Community Based Event	General Public,Children,Tot,Teens	1150.0	Other
Manhattan	Community Based Event	General Public	82.0	AC&F
Manhattan	Community Based Event	Teens	32.0	Fitness
Manhattan	Community Based Event	General Public	61.0	Other
Manhattan	Community Based Event	General Public	15.0	AC&F
Manhattan	Community Based Event	General Public,Seniors,Adults	40.0	AC&F
Manhattan	Community Based Event	Seniors	150.0	Fitness
Manhattan	Community Based Event	General Public	20.0	AC&F
Manhattan	Tournament/Competition	Adults	30.0	Sport
Brooklyn	Community Based Event	General Public	312.0	M.U.T.S
Brooklyn	Community Based Event	General Public	252.0	M.U.T.S
Brooklyn	Community Based Event	General Public	179.0	M.U.T.S
Brooklyn	Community Based Event	General Public	115.0	M.U.T.S
Brooklyn	Community Based Event	General Public	75.0	M.U.T.S
Brooklyn	Community Based Event	General Public	200.0	M.U.T.S
Bronx	Community Based Event	General Public	60.0	Other
Bronx	Community Based Event	General Public	50.0	Other
Bronx	Community Based Event	General Public	140.0	Other
Staten Island	Agency Produced Event	General Public	120.0	Other
Manhattan	Tournament/Competition	Teens	32.0	Fitness
Manhattan	Community Based Event	Young Adult,Adults,Teens,Adaptive,Seniors,General Public,Children	16.0	AC&F
Manhattan	Community Based Event	Children,Young Adult,Adults,Teens,General Public,Seniors,Adaptive	25.0	AC&F
Queens	Community Based Event	General Public	30.0	M.U.T.S
Queens	Community Based Event	General Public	150.0	M.U.T.S
Queens	Community Based Event	General Public	145.0	M.U.T.S
Queens	Community Based Event	General Public	30.0	M.U.T.S
Queens	Community Based Event	General Public	68.0	M.U.T.S
Queens	Community Based Event	General Public	173.0	M.U.T.S
Manhattan	Community Based Event	Children,General Public	126.0	M.U.T.S
Manhattan	Community Based Event	General Public,Children,Young Adult	285.0	M.U.T.S
Manhattan	Community Based Event	Children,Tot,Young Adult,General Public	85.0	M.U.T.S
Manhattan	Community Based Event	Adults,Young Adult,Teens,General Public	160.0	M.U.T.S
Manhattan	Community Based Event	Children,Young Adult,Adults,Teens,Seniors,General Public	185.0	Other
Manhattan	Community Based Event	Children,Teens	30.0	AC&F
Manhattan	Community Based Event	General Public	350.0	AC&F
Manhattan	Community Based Event	General Public	80.0	AC&F
Manhattan	Community Based Event	General Public	45.0	Fitness
Manhattan	Community Based Event	Seniors	16.0	Fitness
Bronx	Community Based Event	General Public	0.0	Movies
Bronx	Community Based Event	General Public	20.0	Other
Bronx	Community Based Event	General Public	150.0	Other
Manhattan	Community Based Event	Young Adult,Adults,Seniors,General Public	45.0	Fitness
Manhattan	Community Based Event	Children,Teens,General Public	385.0	M.U.T.S
Manhattan	Community Based Event	Tot,Children,Teens,General Public	135.0	M.U.T.S
Manhattan	Community Based Event	Children,Adults,Teens,Seniors,General Public	105.0	M.U.T.S
Manhattan	Community Based Event	Tot,Children,Adults,Teens,Seniors,General Public	2015.0	Other
Bronx	Community Based Event	Young Adult,Teens,General Public	40.0	Lecture/Panel/Talk
Bronx	Community Based Event	General Public	40.0	M.U.T.S
Manhattan	Community Based Event	Teens	325.0	Lecture/Panel/Talk
Manhattan	Local Event	Young Adult,Adults,Teens,Children	25.0	Dance
Manhattan	Agency Produced Event	Young Adult,Adults,Adaptive,Seniors,General Public	85.0	AC&F
Manhattan	Community Based Event	Children,Young Adult,Adults,Tot,Teens,Adaptive,Seniors,General Public	64.0	AC&F
Manhattan	Community Based Event	Teens,Young Adult	50.0	AC&F
Manhattan	Community Based Event	Children,Tot,Adults,Young Adult,Teens	15.0	Fitness
Staten Island	Local Event	General Public	18.0	Other
Queens	Open House	Teens,Children	33.0	Fitness
Queens	Local Event	General Public	200.0	Play
Queens	Open House	General Public	25.0	AC&F
Queens	Open House	General Public	60.0	AC&F
Bronx	Community Based Event	Tot,Children,Young Adult,Adults,Teens,Adaptive,Seniors,General Public	40.0	M.U.T.S
Bronx	Community Based Event	Tot,Children,Young Adult,Adults,Teens	50.0	M.U.T.S
Manhattan	Community Based Event	General Public,Teens,Young Adult,Children,Adults	100.0	M.U.T.S
Manhattan	Community Based Event	Tot,Children,General Public	325.0	M.U.T.S
Queens	Agency Produced Event	General Public	150.0	Other
Queens	Open House	Children,Teens,Young Adult	3.0	Fitness
Queens	Open House	General Public	75.0	Fitness
Queens	Open House	General Public	0.0	AC&F
Queens	Open House	General Public	70.0	AC&F
Queens	Open House	General Public	145.0	AC&F
Queens	Agency Produced Event	General Public	2000.0	Other
Queens	Open House	General Public	23.0	AC&F
Queens	Open House	General Public	30.0	AC&F
Queens	Open House	Teens	41.0	Sport
Queens	Tournament/Competition	Seniors	25.0	Sport
Queens	Tournament/Competition	Teens	25.0	Sport
Manhattan	Open House	Children,Young Adult,Adults,Teens,Seniors,General Public	20.0	AC&F
Queens	Open House	General Public	180.0	Dance
Staten Island	Open House	Young Adult,Adults,Teens	40.0	Other
Queens	Local Event	General Public	27.0	Music
Manhattan	Agency Produced Event	General Public	1250.0	Other
Staten Island	Community Based Event	General Public	17.0	Other
Queens	Open House	Young Adult	17.0	Music
Bronx	Tournament/Competition	Teens	135.0	Other
Queens	Community Based Event	General Public	60.0	Other
Staten Island	Community Based Event	General Public	60.0	Other
Manhattan	Agency Produced Event	Children,Teens	36.0	Sport
Brooklyn	Agency Produced Event	Children,Adults,Teens	22.0	Play
Bronx	Community Based Event	General Public	42.0	Other
Queens	Community Based Event	Children,Teens,General Public	200.0	Sport
Manhattan	Community Based Event	General Public	15.0	Other
Manhattan	Open House	Young Adult,Adults	35.0	Other
Manhattan	Local Event	General Public	10.0	Other
Queens	Agency Produced Event	Children	31.0	Play
Manhattan	Community Based Event	Young Adult,Adults,Seniors,General Public,Teens,Children	34.0	Music
Manhattan	Local Event	Children,Young Adult,Adults,Seniors,General Public	355.0	Other
Manhattan	Agency Produced Event	Tot,Children,Young Adult,Adults,Teens,Adaptive,Seniors,General Public	195.0	Play
Queens	Community Based Event	Children,Teens	25.0	Sport
Brooklyn	Local Event	Children	150.0	Play
Brooklyn	Local Event	Adults	383.0	Play
Queens	Community Based Event	Children,Teens	30.0	Sport
Bronx	Tournament/Competition	Teens	135.0	Lecture/Panel/Talk
Queens	Community Based Event	Children	70.0	Other
Manhattan	Community Based Event	Children,Young Adult,Adults,Teens,Adaptive,Seniors,General Public	17.0	AC&F
Manhattan	Community Based Event	Tot,Children,Adults,General Public	50.0	Other
Manhattan	Community Based Event	Teens,Young Adult,Adults,General Public	26.0	Lecture/Panel/Talk
Staten Island	Community Based Event	General Public,Seniors,Teens,Adults,Adaptive,Tot,Children,Young Adult	100.0	Other
Bronx	Community Based Event	Tot	75.0	Sport
Bronx	Open House	General Public	150.0	Other
Bronx	Tournament/Competition	Teens,Young Adult	50.0	Other
Bronx	Open House	Young Adult,Teens	200.0	Other
Bronx	Community Based Event	Children,Young Adult,Adults,Teens,Seniors,Adaptive,General Public	100.0	Other
Manhattan	Agency Produced Event	Adults	14.0	Other
Manhattan	Community Based Event	Children,Tot,Teens,General Public	62.0	Play
Manhattan	Tournament/Competition	Adults	30.0	Other
Manhattan	Local Event	Tot,Children	150.0	Play
Manhattan	Tournament/Competition	Children,Teens,General Public	335.0	Sport
Manhattan	Tournament/Competition	Children,Teens,General Public	66.0	Sport
Manhattan	Tournament/Competition	Teens	18.0	Other
Manhattan	Open House	Children,Young Adult,Adults,Tot	45.0	Fitness
Manhattan	Community Based Event	Children,Young Adult,Adults,Teens,Seniors,General Public	46.0	AC&F
Manhattan	Open House	Children,Tot	80.0	Play
Manhattan	Agency Produced Event	Young Adult,Teens,Adults	40.0	Fitness
Manhattan	Agency Produced Event	General Public	30.0	AC&F
Manhattan	Community Based Event	General Public	40.0	Other
Manhattan	Community Based Event	Children,Young Adult,Adults,Teens,Seniors,General Public	30.0	Other
Manhattan	Agency Produced Event	Children,Young Adult,Adults,Teens,Seniors,General Public	45.0	Dance
Manhattan	Community Based Event	Children	278.0	Fitness
Manhattan	Community Based Event	Children,Young Adult,Adults,Teens,General Public,Seniors	120.0	AC&F
Manhattan	Community Based Event	Children	438.0	Fitness
Manhattan	Tournament/Competition	Children,Adults,Young Adult,Teens,Seniors	11.0	Awards
Manhattan	Agency Produced Event	Children,Young Adult,Adults,Teens,General Public,Seniors,Adaptive	24.0	AC&F
Bronx	Open House	Young Adult,Adults,Seniors,General Public	60.0	Fitness
Bronx	Open House	Adaptive	60.0	Fitness
Staten Island	Community Based Event	Children,Young Adult,Adults,Teens,General Public	55.0	Other
Manhattan	Agency Produced Event	General Public	1000.0	Other
Manhattan	Open House	Seniors,Adults	25.0	Fitness
Manhattan	Community Based Event	General Public	120.0	Lecture/Panel/Talk
Manhattan	Community Based Event	Children,Young Adult,Adults,Teens,General Public,Seniors	40.0	AC&F
Manhattan	Community Based Event	Tot,Children,Young Adult,Adults,Teens,Seniors,General Public	224.0	Dance
Manhattan	Open House	Seniors,Adults,Teens	29.0	Other
Manhattan	Community Based Event	General Public,Seniors,Adults,Young Adult	31.0	Dance
Manhattan	Community Based Event	General Public	48.0	Other
Bronx	Community Based Event	Tot,Children,Young Adult,Adults,Teens,Seniors,General Public	65.0	Lecture/Panel/Talk
Bronx	Community Based Event	Seniors	15.0	Other
Bronx	Community Based Event	Tot,Children,General Public	300.0	Other
Brooklyn	Local Event	Seniors,Adults,General Public	25.0	Other
Brooklyn	Community Based Event	General Public	10.0	Other
Manhattan	Community Based Event	Adults,Seniors,General Public,Adaptive	15.0	Play
Queens	Community Based Event	Children	120.0	Other
Queens	Open House	Adults	300.0	Other
Manhattan	Open House	Adults	30.0	Lecture/Panel/Talk
Manhattan	Community Based Event	Teens,Adults	47.0	Sport
Bronx	Agency Produced Event	Children	65.0	Play
Manhattan	Agency Produced Event	Adults,Teens,Young Adult,Children	250.0	Awards
Manhattan	Community Based Event	Children,Young Adult,Adults,Teens	15.0	Other
Bronx	Agency Produced Event	General Public	55.0	Other
Queens	Community Based Event	Children,Adults,Young Adult	30.0	Sport
Queens	Community Based Event	Children	20.0	Awards
Bronx	Community Based Event	Tot,Children,Young Adult,Teens,Adults,Adaptive,Seniors,General Public	495.0	Awards
Manhattan	Agency Produced Event	General Public	300.0	Fitness
Manhattan	Community Based Event	General Public	55.0	AC&F
Manhattan	Community Based Event	General Public	45.0	AC&F
Manhattan	Community Based Event	General Public	45.0	AC&F
Manhattan	Community Based Event	General Public	45.0	AC&F
Manhattan	Community Based Event	General Public	33.0	AC&F
Manhattan	Agency Produced Event	General Public	88.0	Dance
Manhattan	Community Based Event	General Public	20.0	Dance
Manhattan	Community Based Event	General Public	80.0	Music
Manhattan	Community Based Event	General Public	100.0	Music
Manhattan	Community Based Event	General Public	642.0	Other
Manhattan	Community Based Event	General Public	9.0	Dance
Manhattan	Community Based Event	General Public	85.0	Dance
Manhattan	Agency Produced Event	General Public	404.0	Fitness
Queens	Agency Produced Event	Adults,Young Adult	150.0	Fitness
Bronx	Community Based Event	Children,Tot	20.0	Lecture/Panel/Talk
Brooklyn	Community Based Event	General Public	35.0	Movies
Manhattan	Community Based Event	General Public	45.0	Other
Manhattan	Community Based Event	General Public	60.0	AC&F
Manhattan	Tournament/Competition	Teens	54.0	Sport
Queens	Agency Produced Event	General Public	500.0	Fitness
Queens	Community Based Event	Teens,Children	80.0	Play
Manhattan	Community Based Event	Young Adult,Adults,Children,Teens,Seniors,General Public,Adaptive	30.0	AC&F
Queens	Community Based Event	General Public	84.0	Movies
Queens	Community Based Event	General Public	17.0	Movies
Manhattan	Community Based Event	General Public	13.0	AC&F
Manhattan	Community Based Event	Tot	80.0	Other
Manhattan	Community Based Event	General Public	94.0	Other
Manhattan	Community Based Event	General Public	120.0	Lecture/Panel/Talk
Manhattan	Tournament/Competition	General Public	45.0	Sport
Manhattan	Community Based Event	General Public	210.0	Other
Manhattan	Community Based Event	General Public	13.0	AC&F
Manhattan	Community Based Event	General Public	55.0	AC&F
Manhattan	Community Based Event	Children,Tot	68.0	Other
Manhattan	Local Event	General Public,Young Adult,Teens	33.0	Sport
Manhattan	Tournament/Competition	Young Adult,Teens	60.0	Fitness
Manhattan	Community Based Event	General Public	70.0	AC&F
Manhattan	Community Based Event	General Public	17.0	Other
Manhattan	Community Based Event	General Public	125.0	Other
Manhattan	Community Based Event	Children	689.0	Other
Manhattan	Agency Produced Event	General Public	915.0	Other
Manhattan	Agency Produced Event	General Public	1062.0	Other
Manhattan	Community Based Event	General Public	50.0	AC&F
Bronx	Community Based Event	General Public	18.0	Movies
Bronx	Community Based Event	General Public	31.0	Movies
Manhattan	Community Based Event	Tot,Children,Young Adult,Adults,Teens,Adaptive,Seniors	62.0	Other
Manhattan	Community Based Event	Children,Young Adult,Adults,Teens,General Public	25.0	Other
Manhattan	Community Based Event	General Public,Children,Teens	55.0	Other
Manhattan	Community Based Event	Teens	50.0	Other
Manhattan	Community Based Event	General Public,Teens,Adults,Young Adult,Children	175.0	Other
Manhattan	Community Based Event	General Public,Children,Young Adult,Adults,Teens,Seniors	25.0	Play
Manhattan	Community Based Event	General Public,Children,Young Adult,Adults,Teens,Seniors	56.0	Play
Queens	Community Based Event	Seniors,Adults	48.0	Play
Bronx	Community Based Event	General Public	0.0	Movies
Bronx	Community Based Event	General Public	40.0	Movies
Staten Island	Local Event	General Public	183.0	Other
Bronx	Community Based Event	General Public	12.0	Movies
Manhattan	Agency Produced Event	Young Adult,Adults,Teens,Adaptive,Seniors,General Public	18.0	AC&F
Bronx	Community Based Event	General Public	30.0	Movies
Bronx	Community Based Event	General Public	20.0	Movies
Bronx	Community Based Event	General Public	15.0	Movies
Bronx	Community Based Event	General Public	14.0	Movies
Brooklyn	Community Based Event	General Public	50.0	Movies
Brooklyn	Community Based Event	General Public	130.0	Movies
Brooklyn	Community Based Event	General Public	40.0	Movies
Brooklyn	Community Based Event	General Public	20.0	Movies
Brooklyn	Community Based Event	General Public	15.0	Movies
Brooklyn	Community Based Event	General Public	30.0	Movies
Manhattan	Local Event	Teens,Young Adult,Children,Adults,Seniors,General Public	93.0	AC&F
Manhattan	Local Event	Children,Young Adult,Adults,Teens,General Public,Seniors	83.0	Dance
Manhattan	Community Based Event	Young Adult,Adults,Seniors,General Public	70.0	Fitness
Manhattan	Community Based Event	Children,Young Adult,Adults,Teens,Seniors,General Public	101.0	Other
Manhattan	Local Event	Adults,Young Adult,Seniors,General Public	30.0	Fitness
Manhattan	Community Based Event	General Public	90.0	Play
Manhattan	Local Event	Children,Adults,Young Adult,Tot	68.0	Play
Manhattan	Community Based Event	Children,Young Adult,Adults,Teens,Seniors,General Public	60.0	AC&F
Manhattan	Local Event	Tot,Children,Young Adult,Adults,Teens,General Public,Seniors,Adaptive	42.0	Fitness
Manhattan	Local Event	General Public	41.0	Play
Manhattan	Community Based Event	Adults,Young Adult,Seniors	42.0	Other
Manhattan	Local Event	General Public	49.0	Dance
Manhattan	Community Based Event	Children	20.0	Other
Manhattan	Community Based Event	Adults,Young Adult,Seniors	11.0	Dance
Manhattan	Community Based Event	Teens,Young Adult,Children,Adults,Seniors,General Public	96.0	Other
Manhattan	Community Based Event	General Public	65.0	Movies
Manhattan	Community Based Event	General Public	49.0	AC&F
Manhattan	Community Based Event	General Public	256.0	Other
Manhattan	Community Based Event	General Public	17.0	Movies
Manhattan	Community Based Event	General Public	12.0	Other
Brooklyn	Community Based Event	General Public	80.0	Movies
Brooklyn	Community Based Event	General Public	105.0	Movies
Brooklyn	Community Based Event	General Public	115.0	Movies
Brooklyn	Community Based Event	General Public	20.0	Movies
Brooklyn	Community Based Event	General Public	80.0	Movies
Brooklyn	Community Based Event	General Public	50.0	Movies
Staten Island	Agency Produced Event	General Public	53.0	Lecture/Panel/Talk
Bronx	Community Based Event	General Public	25.0	Movies
Bronx	Community Based Event	General Public	26.0	Movies
Bronx	Community Based Event	General Public	30.0	Movies
Bronx	Local Event	Children,Adults,Seniors,Young Adult,Adaptive,Teens,General Public	100.0	Other
Bronx	Local Event	Seniors	15.0	Other
Manhattan	Agency Produced Event	Young Adult,Adults,Adaptive,Seniors,General Public	8.0	AC&F
Staten Island	Community Based Event	General Public	15.0	Movies
Staten Island	Community Based Event	General Public	75.0	Movies
Staten Island	Community Based Event	General Public	15.0	Movies
Staten Island	Community Based Event	General Public	90.0	Movies
Staten Island	Community Based Event	General Public	90.0	Movies
Queens	Community Based Event	Tot,Children,Young Adult,Adults,Teens,Seniors,General Public	400.0	Play
Queens	Community Based Event	General Public	48.0	Movies
Manhattan	Community Based Event	General Public	32.0	Movies
Manhattan	Community Based Event	General Public	40.0	AC&F
Manhattan	Community Based Event	General Public	95.0	AC&F
Manhattan	Agency Produced Event	General Public	31.0	AC&F
Manhattan	Community Based Event	General Public	69.0	Movies
Manhattan	Community Based Event	General Public	16.0	Movies
Staten Island	Community Based Event	Tot,Children,Young Adult,Adults,Teens,General Public	76.0	Other
Bronx	Community Based Event	General Public	40.0	Movies
Bronx	Community Based Event	General Public	31.0	Movies
Bronx	Community Based Event	General Public	60.0	Movies
Queens	Community Based Event	General Public	107.0	Movies
Queens	Community Based Event	General Public	153.0	Movies
Queens	Community Based Event	General Public	52.0	Movies
Manhattan	Agency Produced Event	Young Adult,Adults,Teens,Adaptive,Seniors,General Public	27.0	AC&F
Manhattan	Community Based Event	General Public	16.0	Other
Manhattan	Community Based Event	General Public	133.0	Movies
Manhattan	Community Based Event	General Public	336.0	Dance
Manhattan	Community Based Event	General Public	858.0	Other
Manhattan	Community Based Event	General Public	21.0	Other
Manhattan	Community Based Event	General Public	140.0	Movies
Manhattan	Community Based Event	General Public	111.0	Movies
Manhattan	Community Based Event	General Public	150.0	Other
Manhattan	Community Based Event	Tot,Children	70.0	Other
Manhattan	Community Based Event	General Public	130.0	AC&F
Staten Island	Community Based Event	General Public	250.0	Movies
Staten Island	Community Based Event	General Public	100.0	Movies
Staten Island	Community Based Event	General Public	55.0	Movies
Staten Island	Community Based Event	General Public	10.0	Movies
Staten Island	Community Based Event	General Public	25.0	Movies
Staten Island	Community Based Event	General Public	70.0	Movies
Staten Island	Community Based Event	General Public	15.0	Movies
Staten Island	Community Based Event	General Public	75.0	Movies
Staten Island	Community Based Event	General Public	10.0	Movies
Bronx	Community Based Event	General Public	38.0	Movies
Bronx	Community Based Event	General Public	50.0	Movies
Bronx	Community Based Event	General Public	65.0	Movies
Manhattan	Open House	Children,Young Adult,Adults,Teens,Tot	200.0	Play
Manhattan	Tournament/Competition	Teens	40.0	Other
Bronx	Agency Produced Event	Children,Tot,Teens	500.0	Music
Brooklyn	Community Based Event	General Public	65.0	Movies
Brooklyn	Community Based Event	General Public	350.0	Movies
Manhattan	Community Based Event	Children,Tot,Young Adult,Adults,Teens,Seniors,General Public	450.0	Other
Bronx	Community Based Event	General Public	5.0	Movies
Bronx	Community Based Event	General Public	0.0	Movies
Manhattan	Agency Produced Event	General Public	10.0	AC&F
Brooklyn	Community Based Event	General Public	200.0	Movies
Brooklyn	Community Based Event	General Public	130.0	Movies
Brooklyn	Community Based Event	General Public	80.0	Movies
Brooklyn	Community Based Event	General Public	250.0	Movies
Manhattan	Community Based Event	General Public	50.0	Movies
Brooklyn	Community Based Event	General Public	250.0	Movies
Bronx	Community Based Event	General Public	21.0	Movies
Manhattan	Community Based Event	General Public	139.0	Movies
Manhattan	Community Based Event	General Public	120.0	Other
Manhattan	Community Based Event	General Public	15.0	Dance
Manhattan	Community Based Event	General Public	72.0	Movies
Manhattan	Community Based Event	General Public	16.0	AC&F
Manhattan	Community Based Event	General Public	67.0	AC&F
Manhattan	Community Based Event	General Public	111.0	Movies
Manhattan	Community Based Event	General Public	67.0	Movies
Bronx	Community Based Event	General Public	20.0	Movies
Queens	Community Based Event	General Public	67.0	Movies
Queens	Community Based Event	General Public	21.0	Movies
Bronx	Community Based Event	General Public	73.0	Lecture/Panel/Talk
Manhattan	Community Based Event	General Public	1426.0	Dance
Manhattan	Community Based Event	General Public	55.0	Movies
Manhattan	Community Based Event	General Public	82.0	Other
Manhattan	Community Based Event	General Public	426.0	Other
Manhattan	Community Based Event	General Public	345.0	AC&F
Manhattan	Community Based Event	General Public	37.0	Movies
Manhattan	Community Based Event	General Public	32.0	AC&F
Manhattan	Community Based Event	General Public	18.0	Movies
Manhattan	Community Based Event	General Public	125.0	Dance
Bronx	Community Based Event	General Public	42.0	Movies
Bronx	Community Based Event	General Public	48.0	Movies
Queens	Community Based Event	General Public	0.0	Movies
Queens	Community Based Event	General Public	0.0	Movies
Queens	Community Based Event	General Public	0.0	Movies
Queens	Community Based Event	General Public	52.0	Movies
Queens	Community Based Event	General Public	0.0	Movies
Queens	Community Based Event	General Public	107.0	Movies
Queens	Community Based Event	General Public	68.0	Movies
Queens	Community Based Event	Teens	85.0	Movies
Queens	Community Based Event	General Public	112.0	Movies
Bronx	Community Based Event	General Public	0.0	Movies
Bronx	Community Based Event	General Public	0.0	Movies
Brooklyn	Community Based Event	General Public	80.0	Movies
Manhattan	Community Based Event	General Public	23.0	Movies
Manhattan	Community Based Event	General Public	115.0	Movies
Manhattan	Community Based Event	General Public	65.0	Movies
Manhattan	Community Based Event	General Public	20.0	Movies
Manhattan	Community Based Event	General Public	15.0	Movies
Manhattan	Community Based Event	General Public	278.0	Movies
Manhattan	Community Based Event	General Public	256.0	Dance
Bronx	Community Based Event	General Public	19.0	Movies
Bronx	Community Based Event	General Public	0.0	Movies
Bronx	Community Based Event	Children,General Public	160.0	Play
Bronx	Community Based Event	Children,General Public	300.0	Play
Bronx	Community Based Event	Children,General Public	40.0	Play
Manhattan	Community Based Event	Young Adult,Adults,Teens,Adaptive,Seniors,General Public	33.0	AC&F
Staten Island	Community Based Event	General Public	95.0	Movies
Staten Island	Community Based Event	General Public	15.0	Movies
Staten Island	Community Based Event	General Public	125.0	Movies
Staten Island	Community Based Event	General Public	5.0	Movies
Staten Island	Community Based Event	General Public	5.0	Movies
Staten Island	Community Based Event	General Public	25.0	Movies
Staten Island	Community Based Event	General Public	25.0	Movies
Staten Island	Community Based Event	General Public	15.0	Movies
Staten Island	Community Based Event	General Public	45.0	Movies
Staten Island	Community Based Event	General Public	30.0	Movies
Staten Island	Community Based Event	General Public	50.0	Movies
Staten Island	Community Based Event	General Public	5.0	Movies
Staten Island	Community Based Event	General Public	40.0	Movies
Staten Island	Community Based Event	General Public	2.0	Movies
Staten Island	Community Based Event	General Public	40.0	Movies
Staten Island	Community Based Event	General Public	5.0	Movies
Staten Island	Community Based Event	General Public	75.0	Movies
Staten Island	Community Based Event	General Public	36.0	Movies
Staten Island	Community Based Event	General Public	35.0	Movies
Staten Island	Community Based Event	General Public	40.0	Movies
Staten Island	Community Based Event	General Public	75.0	Movies
Brooklyn	Community Based Event	General Public	300.0	Movies
Manhattan	Community Based Event	General Public	276.0	Movies
Manhattan	Community Based Event	General Public	58.0	Movies
Manhattan	Community Based Event	General Public	855.0	Movies
Manhattan	Community Based Event	General Public	25.0	Movies
Manhattan	Community Based Event	General Public	185.0	Dance
Manhattan	Community Based Event	General Public	87.0	Movies
Bronx	Community Based Event	General Public	145.0	Movies
Bronx	Community Based Event	General Public	78.0	Movies
Brooklyn	Community Based Event	General Public	250.0	Movies
Brooklyn	Community Based Event	General Public	100.0	Movies
Bronx	Community Based Event	General Public	16.0	Movies
Bronx	Community Based Event	General Public	21.0	Lecture/Panel/Talk
Bronx	Community Based Event	General Public	188.0	Movies
Brooklyn	Community Based Event	General Public	120.0	Movies
Queens	Community Based Event	General Public	61.0	Movies
Brooklyn	Community Based Event	General Public	100.0	Movies
Brooklyn	Community Based Event	General Public	250.0	Movies
Brooklyn	Community Based Event	General Public	175.0	Movies
Brooklyn	Community Based Event	General Public	200.0	Movies
Brooklyn	Community Based Event	General Public	50.0	Movies
Brooklyn	Community Based Event	General Public	100.0	Movies
Brooklyn	Community Based Event	General Public	100.0	Movies
Queens	Community Based Event	General Public	241.0	Movies
Queens	Community Based Event	General Public	169.0	Movies
Queens	Community Based Event	General Public	203.0	Movies
Bronx	Community Based Event	General Public	500.0	Movies
Bronx	Community Based Event	General Public	23.0	Movies
Manhattan	Community Based Event	General Public	52.0	Movies
Manhattan	Community Based Event	General Public	101.0	Movies
Manhattan	Community Based Event	General Public	65.0	Movies
Manhattan	Community Based Event	General Public	101.0	Movies
Queens	Community Based Event	General Public	284.0	Movies
Queens	Community Based Event	General Public	212.0	Movies
Queens	Community Based Event	General Public	37.0	Movies
Queens	Community Based Event	General Public	259.0	Movies
Queens	Community Based Event	General Public	62.0	Movies
Queens	Community Based Event	General Public	0.0	Movies
Queens	Community Based Event	General Public	98.0	Movies
Manhattan	Agency Produced Event	Adults,Teens,Adaptive,Seniors	42.0	Other
Manhattan	Community Based Event	Children,Teens	360.0	Other
Manhattan	Community Based Event	General Public	115.0	Movies
Manhattan	Community Based Event	General Public	57.0	Movies
Bronx	Community Based Event	General Public	52.0	Movies
Bronx	Community Based Event	General Public	34.0	Movies
Bronx	Community Based Event	General Public	0.0	Movies
Manhattan	Community Based Event	General Public	315.0	Dance
Manhattan	Community Based Event	Teens,Adults,Seniors	25.0	Other
Manhattan	Community Based Event	General Public	18.0	Other
Manhattan	Local Event	Children,Young Adult	28.0	Other
Manhattan	Community Based Event	General Public	16.0	Other
Manhattan	Community Based Event	General Public	220.0	Other
Manhattan	Community Based Event	General Public	16.0	Other
Manhattan	Local Event	Children,Young Adult	25.0	Other
Manhattan	Community Based Event	Children,Teens	26.0	Other
Manhattan	Community Based Event	General Public	15.0	Other
Manhattan	Tournament/Competition	General Public	16.0	Other
Manhattan	Community Based Event	General Public	20.0	Other
Manhattan	Community Based Event	Children	55.0	Other
Brooklyn	Community Based Event	General Public	240.0	Movies
Brooklyn	Community Based Event	General Public	400.0	Movies
Manhattan	Community Based Event	General Public	250.0	Movies
Brooklyn	Community Based Event	General Public	75.0	Movies
Bronx	Community Based Event	General Public	0.0	Movies
Bronx	Agency Produced Event	Children	13.0	Play
Bronx	Community Based Event	Children,General Public	20.0	Play
Bronx	Agency Produced Event	Children,General Public	200.0	Play
Bronx	Agency Produced Event	Children,General Public	12.0	Play
Bronx	Community Based Event	General Public	0.0	Movies
Bronx	Agency Produced Event	Children,General Public	300.0	Other
Bronx	Community Based Event	General Public	0.0	Movies
Bronx	Community Based Event	General Public	64.0	Movies
Manhattan	Community Based Event	General Public	36.0	Other
Manhattan	Community Based Event	General Public	125.0	Movies
Manhattan	Community Based Event	General Public	86.0	Movies
Manhattan	Community Based Event	General Public	61.0	Movies
Manhattan	Community Based Event	General Public	55.0	Movies
Manhattan	Community Based Event	General Public	99.0	Movies
Manhattan	Community Based Event	General Public	216.0	Music
Manhattan	Community Based Event	General Public	315.0	Movies
Manhattan	Community Based Event	General Public	21.0	AC&F
Bronx	Community Based Event	General Public	31.0	Movies
Queens	Community Based Event	General Public	193.0	Movies
Bronx	Local Event	General Public	25.0	AC&F
Bronx	Local Event	General Public	25.0	AC&F
Bronx	Local Event	General Public	20.0	AC&F
Bronx	Local Event	General Public	100.0	AC&F
Bronx	Local Event	Teens,Young Adult,Adults,Seniors	30.0	AC&F
Bronx	Local Event	General Public	350.0	AC&F
Bronx	Local Event	General Public	17.0	AC&F
Bronx	Local Event	Seniors,Adults,Young Adult	120.0	AC&F
Staten Island	Local Event	General Public	40.0	Play
Staten Island	Tournament/Competition	Seniors	125.0	Sport
Bronx	Community Based Event	General Public	0.0	Movies
Bronx	Community Based Event	General Public	0.0	Movies
Bronx	Local Event	General Public	55.0	AC&F
Brooklyn	Local Event	Teens,Young Adult,Adults	24.0	Sport
Bronx	Local Event	General Public	20.0	AC&F
Bronx	Local Event	General Public	100.0	AC&F
Bronx	Local Event	General Public	120.0	AC&F
Manhattan	Community Based Event	General Public	65.0	Dance
Manhattan	Community Based Event	General Public	90.0	Other
Manhattan	Community Based Event	General Public	25.0	Other
Manhattan	Community Based Event	General Public	52.0	Movies
Manhattan	Community Based Event	General Public	70.0	Dance
Manhattan	Community Based Event	General Public	100.0	Music
Manhattan	Community Based Event	General Public	220.0	AC&F
Manhattan	Community Based Event	General Public	150.0	Dance
Manhattan	Community Based Event	Tot,Children	150.0	Other
Manhattan	Community Based Event	General Public	83.0	Other
Manhattan	Community Based Event	General Public	45.0	Dance
Manhattan	Community Based Event	Teens	21.0	Other
Manhattan	Community Based Event	General Public	40.0	Other
Manhattan	Community Based Event	General Public	35.0	Dance
Brooklyn	Community Based Event	General Public	200.0	Movies
Manhattan	Community Based Event	Children,Teens	96.0	Other
Manhattan	Community Based Event	General Public	150.0	Other
Manhattan	Community Based Event	General Public	35.0	Movies
Manhattan	Community Based Event	General Public	22.0	Other
Manhattan	Community Based Event	Tot,Children	175.0	Play
Manhattan	Community Based Event	General Public	100.0	Movies
Manhattan	Community Based Event	General Public	45.0	Dance
Manhattan	Community Based Event	General Public	20.0	Other
Manhattan	Community Based Event	General Public	27.0	Music
Manhattan	Community Based Event	General Public	35.0	AC&F
Manhattan	Community Based Event	General Public	20.0	Dance
Manhattan	Community Based Event	Teens,Tot,Children,Adults,Young Adult	20.0	Other
Manhattan	Community Based Event	Teens,Young Adult,Children	20.0	Lecture/Panel/Talk
Manhattan	Community Based Event	Adults,Children,Teens,General Public	16.0	Other
Manhattan	Community Based Event	General Public	45.0	AC&F
Manhattan	Community Based Event	Adults,Seniors,Adaptive	30.0	Other
Manhattan	Community Based Event	General Public	30.0	Dance
Manhattan	Community Based Event	General Public	60.0	AC&F
Manhattan	Community Based Event	General Public	66.0	Other
Manhattan	Community Based Event	General Public		Other
Manhattan	Agency Produced Event	General Public	32.0	Other
Manhattan	Community Based Event	General Public	15.0	Other
Manhattan	Agency Produced Event	General Public	16.0	Other
Manhattan	Community Based Event	General Public	25.0	Other
Manhattan	Community Based Event	General Public		Other
Manhattan	Community Based Event	General Public	35.0	Music
Manhattan	Community Based Event	General Public	40.0	Fitness
Manhattan	Community Based Event	General Public	94.0	Play
Manhattan	Community Based Event	General Public	33.0	AC&F
Manhattan	Community Based Event	General Public	35.0	Lecture/Panel/Talk
Manhattan	Community Based Event	General Public	70.0	Fitness
Manhattan	Community Based Event	Adults,Seniors,Adaptive	30.0	Lecture/Panel/Talk
Manhattan	Community Based Event	General Public	30.0	AC&F
Manhattan	Community Based Event	General Public	45.0	AC&F
Manhattan	Community Based Event	Seniors,Adults	125.0	Dance
Bronx	Local Event	Adults,Seniors	9.0	Other
Brooklyn	Local Event	Tot,Children	78.0	Play
Brooklyn	Local Event	Tot	67.0	Other
Manhattan	Local Event	Tot,Teens,Young Adult,Adults,Seniors	220.0	Play
Manhattan	Local Event	Children	39.0	Play
Manhattan	Tournament/Competition	Children,Teens	22.0	Play
Manhattan	Open House	Teens,Young Adult,Adults,Seniors	95.0	Other
Bronx	Local Event	Teens,Young Adult,Children	15.0	Play
Bronx	Local Event	Children	12.0	Play
Bronx	Local Event	General Public	12.0	AC&F
Bronx	Local Event	General Public	10.0	AC&F
Bronx	Local Event	Seniors	9.0	Play
Brooklyn	Tournament/Competition	Teens,Young Adult		Sport
Bronx	Local Event	General Public	40.0	AC&F
Bronx	Local Event	General Public	20.0	AC&F
Bronx	Local Event	General Public	20.0	AC&F
Bronx	Local Event	Teens,Young Adult,Adults,Children	50.0	Play
Bronx	Local Event	Children	21.0	Play
Bronx	Local Event	Teens,Adults,Seniors,Young Adult	25.0	AC&F
Brooklyn	Local Event	Tot	95.0	Play
Manhattan	Local Event	Young Adult,Teens,Adults	55.0	Fitness
Manhattan	Local Event	Tot	75.0	Play
Manhattan	Local Event	Children,Teens	55.0	Other
Manhattan	Local Event	General Public	256.0	Dance
Manhattan	Local Event	Adults,Seniors	27.0	Lecture/Panel/Talk
Manhattan	Local Event	Tot,Children	33.0	Play
Brooklyn	Local Event	Tot,Children	80.0	Play
Queens	Community Based Event	General Public	0.0	Movies
Queens	Community Based Event	General Public	0.0	Movies
Queens	Community Based Event	General Public	217.0	Movies
Queens	Community Based Event	General Public	0.0	Movies
Queens	Community Based Event	General Public	0.0	Movies
Manhattan	Community Based Event	Teens,Adults,Seniors	55.0	Movies
Manhattan	Community Based Event	General Public	216.0	Music
Manhattan	Community Based Event	Adults,Seniors	175.0	Dance
Brooklyn	Community Based Event	General Public	250.0	Movies
Brooklyn	Community Based Event	General Public	700.0	Movies
Brooklyn	Community Based Event	General Public	200.0	Movies
Brooklyn	Community Based Event	General Public	700.0	Movies
Bronx	Community Based Event	General Public	65.0	Movies
Queens	Community Based Event	General Public	931.0	Movies
Manhattan	Community Based Event	General Public	99.0	Movies
Manhattan	Community Based Event	General Public	315.0	Movies
Manhattan	Community Based Event	General Public	236.0	Movies
Bronx	Community Based Event	General Public	18.0	Movies
Queens	Community Based Event	General Public	189.0	Movies
Bronx	Community Based Event	General Public	46.0	Movies
Bronx	Community Based Event	General Public	0.0	Movies
Queens	Community Based Event	General Public	0.0	Movies
Queens	Community Based Event	General Public	340.0	Other
Queens	Community Based Event	General Public	177.0	Other
Queens	Community Based Event	General Public	164.0	Movies
Bronx	Community Based Event	General Public	33.0	Movies
Manhattan	Community Based Event	General Public	157.0	Movies
Manhattan	Community Based Event	General Public	50.0	Movies
Manhattan	Community Based Event	General Public	415.0	Play
Manhattan	Tournament/Competition	Children	157.0	Fitness
Manhattan	Community Based Event	General Public	146.0	Movies
Manhattan	Community Based Event	Adults,Seniors	275.0	Dance
Manhattan	Community Based Event	General Public	153.0	Movies
Staten Island	Community Based Event	General Public	25.0	Movies
Staten Island	Community Based Event	General Public	4.0	Movies
Staten Island	Community Based Event	General Public	40.0	Movies
Staten Island	Community Based Event	General Public	175.0	Movies
Bronx	Community Based Event	General Public	5.0	Movies
Bronx	Community Based Event	General Public	64.0	Movies
Bronx	Community Based Event	General Public	0.0	Movies
Staten Island	Community Based Event	General Public	40.0	Movies
Staten Island	Community Based Event	General Public	65.0	Movies
Staten Island	Community Based Event	General Public	125.0	Movies
Queens	Community Based Event	General Public	118.0	Movies
Staten Island	Community Based Event	General Public	140.0	Movies
Staten Island	Community Based Event	General Public	5.0	Movies
Staten Island	Community Based Event	General Public	100.0	Movies
Staten Island	Community Based Event	General Public	75.0	Movies
Staten Island	Community Based Event	General Public	45.0	Movies
Staten Island	Community Based Event	General Public	100.0	Movies
Staten Island	Community Based Event	General Public	100.0	Movies
Brooklyn	Community Based Event	General Public	200.0	Movies
Bronx	Community Based Event	General Public	44.0	Movies
Bronx	Community Based Event	General Public	236.0	Movies
Bronx	Community Based Event	General Public	250.0	Movies
Bronx	Community Based Event	General Public	125.0	Movies
Bronx	Community Based Event	General Public	54.0	Movies
Queens	Community Based Event	General Public	189.0	Other
Queens	Community Based Event	General Public	327.0	Movies
Manhattan	Community Based Event	General Public	96.0	Movies
Manhattan	Community Based Event	General Public	146.0	Movies
Manhattan	Community Based Event	General Public	285.0	Dance
Manhattan	Community Based Event	General Public	153.0	Movies
Queens	Community Based Event	General Public	167.0	Movies
Brooklyn	Community Based Event	General Public	200.0	Movies
Queens	Community Based Event	General Public	314.0	Movies
Queens	Community Based Event	General Public	260.0	Movies
Queens	Community Based Event	General Public	216.0	Movies
Queens	Community Based Event	General Public	0.0	Movies
Manhattan	Community Based Event	General Public	95.0	Movies
Manhattan	Community Based Event	General Public	215.0	Movies
Manhattan	Community Based Event	General Public	175.0	Dance
Manhattan	Community Based Event	General Public	45.0	Movies
Brooklyn	Local Event	Tot,Children	80.0	Play
Staten Island	Local Event	Children,Young Adult,Teens,Adults	130.0	Play
Staten Island	Local Event	Tot,Children,Young Adult,Adults,Teens	80.0	Play
Staten Island	Tournament/Competition	Tot,Teens	400.0	Sport
Bronx	Tournament/Competition	Teens,Children	400.0	Sport
Brooklyn	Community Based Event	General Public	170.0	Movies
Bronx	Community Based Event	General Public	63.0	Movies
Bronx	Community Based Event	General Public	31.0	Movies
Manhattan	Community Based Event	Teens,Seniors,Adults,Young Adult,Children,Tot	11.0	Sport
Queens	Community Based Event	General Public	412.0	Movies
Bronx	Community Based Event	General Public	0.0	Movies
Bronx	Community Based Event	General Public	0.0	Movies
Bronx	Local Event	Tot,Children,Teens	230.0	Play
Brooklyn	Local Event	Tot,Children,Adults	112.0	Play
Manhattan	Local Event	Tot,Adults	12.0	Play
Bronx	Local Event	Adults,Seniors	25.0	Other
Brooklyn	Local Event	Children	150.0	Play
Brooklyn	Local Event	Tot	115.0	Movies
Bronx	Local Event	Tot,Children,Teens	35.0	Lecture/Panel/Talk
Bronx	Local Event	Tot,Children,Young Adult,Adults,Teens,Seniors	60.0	Play
Bronx	Local Event	Tot	60.0	Play
Bronx	Local Event	Adults,Children,Teens	35.0	Play
Bronx	Local Event	Tot,Children,Young Adult,Adults,Teens,Seniors	150.0	Awards
Bronx	Local Event	Young Adult,Teens	150.0	Awards
Manhattan	Community Based Event	Tot,Children,Young Adult,Adults,Teens,Adaptive,Seniors,General Public	172.0	Movies
Bronx	Community Based Event	General Public	0.0	Movies
Brooklyn	Community Based Event	General Public	112.0	Movies
Bronx	Community Based Event	General Public	14.0	Movies
Bronx	Community Based Event	General Public	104.0	Movies
Bronx	Community Based Event	General Public	43.0	Movies
Queens	Community Based Event	General Public	342.0	Movies
Queens	Community Based Event	General Public	101.0	Movies
Queens	Community Based Event	General Public	194.0	Movies
Queens	Community Based Event	General Public	23.0	Movies
Queens	Community Based Event	General Public	167.0	Movies
Queens	Community Based Event	General Public	326.0	Movies
Queens	Community Based Event	General Public	54.0	Movies
Queens	Community Based Event	General Public	171.0	Movies
Manhattan	Community Based Event	General Public	55.0	Music
Manhattan	Community Based Event	General Public	369.0	Movies
Manhattan	Community Based Event	Tot,Young Adult,Teens,Children,General Public	689.0	Play
Manhattan	Community Based Event	General Public	189.0	Movies
Manhattan	Community Based Event	General Public	196.0	Movies
Manhattan	Community Based Event	General Public	150.0	Play
Manhattan	Community Based Event	General Public	325.0	Movies
Manhattan	Community Based Event	General Public,Young Adult,Children,Tot,Teens	36.0	Fitness
Manhattan	Community Based Event	General Public	65.0	Music
Manhattan	Community Based Event	General Public	85.0	Movies
Manhattan	Community Based Event	Children,Tot,Young Adult	125.0	Play
Manhattan	Community Based Event	General Public	155.0	Movies
Manhattan	Community Based Event	General Public	225.0	Movies
Bronx	Community Based Event	Children,General Public	200.0	Play
Bronx	Community Based Event	General Public,Children	56.0	Play
Bronx	Community Based Event	Children,General Public	10.0	Play
Bronx	Community Based Event	Children,General Public	40.0	Play
Bronx	Community Based Event	Children,General Public	16.0	Play
Bronx	Community Based Event	General Public	120.0	Play
Bronx	Community Based Event	General Public	0.0	Movies
Bronx	Community Based Event	General Public	100.0	Movies
Bronx	Community Based Event	General Public	76.0	Movies
Queens	Community Based Event	General Public	82.0	Movies
Queens	Community Based Event	General Public	57.0	Movies
Bronx	Community Based Event	General Public	72.0	Movies
Brooklyn	Community Based Event	General Public	325.0	Movies
Manhattan	Community Based Event	Tot,Children,Young Adult,Adults,Teens,General Public,Seniors,Adaptive	120.0	Movies
Brooklyn	Community Based Event	General Public	200.0	Movies
Bronx	Community Based Event	General Public	90.0	Movies
Bronx	Community Based Event	General Public	70.0	Movies
Manhattan	Community Based Event	General Public		Lecture/Panel/Talk
Manhattan	Tournament/Competition	Young Adult,Adults,Teens	18.0	Sport
Queens	Community Based Event	General Public	372.0	Movies
Staten Island	Community Based Event	General Public		Sport
Staten Island	Community Based Event	General Public		Sport
Staten Island	Community Based Event	General Public	125.0	Movies
Staten Island	Community Based Event	General Public	40.0	Movies
Staten Island	Community Based Event	General Public	35.0	Movies
Staten Island	Community Based Event	General Public	225.0	Movies
Staten Island	Community Based Event	General Public	225.0	Movies
Staten Island	Community Based Event	General Public	35.0	Movies
Staten Island	Community Based Event	General Public	150.0	Movies
Staten Island	Community Based Event	General Public	150.0	Movies
Staten Island	Community Based Event	General Public	50.0	Movies
Staten Island	Community Based Event	General Public	150.0	Movies
Staten Island	Community Based Event	General Public	75.0	Movies
Staten Island	Community Based Event	General Public	100.0	Movies
Bronx	Community Based Event	General Public	54.0	Movies
Brooklyn	Community Based Event	General Public	250.0	Movies
Brooklyn	Community Based Event	General Public	225.0	Movies
Brooklyn	Community Based Event	General Public	125.0	Movies
Queens	Community Based Event	General Public	82.0	Other
Manhattan	Community Based Event	Tot,Children,General Public	11.0	Sport
Bronx	Community Based Event	General Public	137.0	Movies
Queens	Community Based Event	General Public	214.0	Movies
Bronx	Community Based Event	General Public	283.0	Movies
Bronx	Community Based Event	General Public	31.0	Movies
Bronx	Community Based Event	General Public	25.0	Movies
Brooklyn	Community Based Event	General Public	110.0	Movies
Queens	Community Based Event	General Public	153.0	Movies
Bronx	Community Based Event	Children,General Public	36.0	Play
Bronx	Community Based Event	Children	2.0	Play
Bronx	Community Based Event	Children	5.0	Play
Bronx	Community Based Event	Children,Teens,General Public	45.0	Play
Bronx	Community Based Event	General Public,Children	0.0	Play
Bronx	Community Based Event	Children	40.0	Music
Bronx	Community Based Event	Children	53.0	Play
Staten Island	Community Based Event	General Public	54.0	Sport
Brooklyn	Community Based Event	General Public	175.0	Movies
Brooklyn	Community Based Event	General Public	65.0	Movies
Queens	Community Based Event	General Public	94.0	Movies
Bronx	Community Based Event	General Public	21.0	Movies
Queens	Community Based Event	General Public	219.0	Movies
Queens	Community Based Event	General Public	101.0	Movies
Queens	Community Based Event	General Public	123.0	Movies
Queens	Community Based Event	General Public	248.0	Movies
Bronx	Community Based Event	General Public	194.0	Movies
Brooklyn	Community Based Event	General Public	120.0	Movies
Manhattan	Community Based Event	General Public	550.0	Movies
Brooklyn	Community Based Event	General Public	500.0	Movies
Brooklyn	Community Based Event	General Public	180.0	Movies
Brooklyn	Community Based Event	General Public	150.0	Movies
Brooklyn	Community Based Event	General Public	90.0	Movies
Brooklyn	Community Based Event	General Public	600.0	Movies
Brooklyn	Community Based Event	General Public	500.0	Movies
Brooklyn	Community Based Event	General Public	400.0	Movies
Brooklyn	Community Based Event	General Public	200.0	Movies
Brooklyn	Community Based Event	General Public	36.0	Movies
Brooklyn	Community Based Event	General Public	200.0	Movies
Brooklyn	Community Based Event	General Public	50.0	Movies
Brooklyn	Community Based Event	General Public	150.0	Movies
Manhattan	Community Based Event	General Public	300.0	Movies
Brooklyn	Community Based Event	General Public	700.0	Movies
Brooklyn	Community Based Event	General Public	100.0	Movies
Brooklyn	Community Based Event	General Public	100.0	Movies
Brooklyn	Community Based Event	General Public	300.0	Music
Brooklyn	Community Based Event	General Public	650.0	Movies
Brooklyn	Community Based Event	General Public	45.0	Movies
Manhattan	Community Based Event	General Public	240.0	Movies
Brooklyn	Community Based Event	General Public	55.0	Movies
Brooklyn	Community Based Event	General Public	120.0	Movies
Brooklyn	Community Based Event	General Public	75.0	Movies
Brooklyn	Community Based Event	General Public	195.0	Movies
Brooklyn	Community Based Event	General Public	60.0	Movies
Brooklyn	Community Based Event	General Public	65.0	Movies
Brooklyn	Community Based Event	General Public	250.0	Movies
Brooklyn	Community Based Event	General Public	270.0	Movies
Manhattan	Community Based Event	General Public	1000.0	Movies
Brooklyn	Community Based Event	General Public	200.0	Movies
Brooklyn	Community Based Event	General Public	250.0	Movies
Brooklyn	Community Based Event	General Public	175.0	Movies
Brooklyn	Community Based Event	General Public	100.0	Movies
Brooklyn	Community Based Event	General Public	350.0	Movies
Brooklyn	Community Based Event	General Public	185.0	Movies
Brooklyn	Community Based Event	General Public	350.0	Movies
Brooklyn	Community Based Event	General Public	220.0	Movies
Manhattan	Community Based Event	General Public	251.0	Movies
Manhattan	Community Based Event	General Public	95.0	Movies
Manhattan	Community Based Event	General Public	275.0	Dance
Manhattan	Community Based Event	General Public	76.0	Movies
Manhattan	Community Based Event	General Public	475.0	Movies
Bronx	Community Based Event	General Public	60.0	Movies
Bronx	Community Based Event	General Public	31.0	Movies
Bronx	Community Based Event	General Public	45.0	Movies
Manhattan	Community Based Event	General Public	72.0	Movies
Manhattan	Community Based Event	General Public	45.0	Movies
Manhattan	Community Based Event	Children,Young Adult,Adults,Teens,Adaptive,Seniors,General Public	92.0	Movies
Staten Island	Community Based Event	General Public	25.0	Movies
Staten Island	Community Based Event	General Public	80.0	Movies
Staten Island	Community Based Event	General Public	230.0	Movies
Staten Island	Community Based Event	General Public	10.0	Movies
Bronx	Community Based Event	General Public	30.0	Movies
Manhattan	Community Based Event	General Public	300.0	Music
Manhattan	Community Based Event	General Public	375.0	Movies
Manhattan	Community Based Event	General Public	275.0	Play
Manhattan	Community Based Event	General Public	250.0	Movies
Manhattan	Community Based Event	General Public	75.0	AC&F
Manhattan	Community Based Event	General Public	50.0	Movies
Manhattan	Community Based Event	Children,Tot,Adaptive	188.0	Play
Manhattan	Community Based Event	General Public	30.0	Play
Bronx	Community Based Event	General Public	100.0	Movies
Bronx	Community Based Event	General Public	203.0	Movies
Bronx	Community Based Event	Children,General Public	56.0	Play
Bronx	Community Based Event	Children,General Public	33.0	Play
Queens	Community Based Event	General Public	248.0	Play
Bronx	Community Based Event	General Public	150.0	Movies
Bronx	Community Based Event	General Public	206.0	Movies
Manhattan	Community Based Event	Children,Young Adult,Adults,Teens,Adaptive,Seniors,General Public	29.0	Movies
Manhattan	Community Based Event	Children,Young Adult,Adults,Teens,Adaptive,Seniors,General Public	89.0	Movies
Bronx	Community Based Event	General Public	0.0	Movies
Bronx	Community Based Event	General Public	0.0	Movies
Manhattan	Community Based Event	General Public	65.0	Movies
Manhattan	Community Based Event	General Public	115.0	Movies
Manhattan	Community Based Event	General Public	42.0	Movies
Bronx	Community Based Event	General Public	220.0	Movies
Staten Island	Community Based Event	General Public	65.0	Movies
Staten Island	Community Based Event	General Public	135.0	Movies
Bronx	Community Based Event	General Public	132.0	Movies
Manhattan	Community Based Event	General Public	227.0	Fitness
Manhattan	Community Based Event	General Public	77.0	Movies
Manhattan	Agency Produced Event	General Public	285.0	Other
Manhattan	Community Based Event	General Public	52.0	Movies
Bronx	Community Based Event	General Public	42.0	Movies
Bronx	Community Based Event	General Public	35.0	Movies
Bronx	Community Based Event	General Public	75.0	Movies
Bronx	Community Based Event	General Public	43.0	Movies
Bronx	Community Based Event	General Public	39.0	Movies
Bronx	Community Based Event	General Public	80.0	Movies
Queens	Community Based Event	General Public	250.0	Movies
Queens	Community Based Event	General Public	119.0	Movies
Queens	Community Based Event	General Public	89.0	Movies
Bronx	Community Based Event	General Public	65.0	Movies
Queens	Community Based Event	General Public	114.0	Movies
Queens	Community Based Event	General Public	148.0	Movies
Bronx	Community Based Event	Children,General Public	60.0	Play
Bronx	Community Based Event	General Public	60.0	Movies
Manhattan	Tournament/Competition	Young Adult,Adults,Seniors	16.0	Sport
Manhattan	Community Based Event	General Public	60.0	Movies
Manhattan	Tournament/Competition	Children,General Public	42.0	Sport
Manhattan	Local Event	Children,General Public	20.0	Other
Bronx	Community Based Event	General Public	126.0	Movies
Staten Island	Community Based Event	General Public	50.0	Movies
Staten Island	Community Based Event	General Public	125.0	Movies
Bronx	Community Based Event	General Public	136.0	Movies
Queens	Community Based Event	General Public	138.0	Movies
Queens	Community Based Event	General Public	387.0	Play
Manhattan	Community Based Event	General Public	220.0	Movies
Manhattan	Community Based Event	General Public	275.0	Movies
Manhattan	Community Based Event	General Public	445.0	Dance
Manhattan	Community Based Event	General Public	227.0	Movies
Bronx	Community Based Event	General Public	26.0	Movies
Bronx	Community Based Event	Children	100.0	Play
Bronx	Community Based Event	Children	400.0	Play
Bronx	Community Based Event	Children,General Public	150.0	Play
Bronx	Community Based Event	Children	200.0	Play
Bronx	Community Based Event	Children,Adaptive	80.0	Play
Bronx	Community Based Event	Children	100.0	Play
Manhattan	Tournament/Competition	Young Adult,Adults	43.0	Sport
Bronx	Community Based Event	General Public	58.0	Movies
Manhattan	Community Based Event	Adults,Teens,Adaptive,Seniors,General Public,Young Adult	47.0	Movies
Queens	Community Based Event	General Public	201.0	Play
Queens	Agency Produced Event	General Public	142.0	Play
Queens	Community Based Event	Children,Teens	350.0	Fitness
Queens	Community Based Event	General Public	250.0	Play
Queens	Community Based Event	General Public	450.0	Play
Queens	Community Based Event	General Public	450.0	Play
Queens	Community Based Event	General Public	175.0	Play
Queens	Community Based Event	General Public	348.0	Play
Queens	Community Based Event	General Public	129.0	Play
Queens	Community Based Event	General Public	240.0	Play
Queens	Tournament/Competition	Children	38.0	Sport
Queens	Tournament/Competition	Young Adult,Adults,Seniors	56.0	Sport
Queens	Community Based Event	General Public	112.0	Movies
Queens	Community Based Event	General Public	94.0	Movies
Queens	Community Based Event	General Public	236.0	Movies
Queens	Community Based Event	General Public	169.0	Movies
Queens	Community Based Event	General Public	148.0	Movies
Queens	Community Based Event	General Public	112.0	Movies
Queens	Community Based Event	General Public	74.0	Movies
Queens	Community Based Event	General Public	101.0	Movies
Queens	Community Based Event	General Public	191.0	Movies
Bronx	Community Based Event	General Public	137.0	Movies
Manhattan	Community Based Event	General Public	200.0	Movies
Bronx	Community Based Event	General Public	17.0	Movies
Manhattan	Community Based Event	General Public	300.0	Movies
Manhattan	Community Based Event	General Public	220.0	Music
Manhattan	Community Based Event	General Public	600.0	Movies
Manhattan	Community Based Event	General Public	350.0	Movies
Manhattan	Community Based Event	General Public	100.0	Fitness
Manhattan	Community Based Event	General Public	250.0	Movies
Manhattan	Community Based Event	General Public	95.0	Movies
Manhattan	Community Based Event	Children,General Public	800.0	Play
Staten Island	Community Based Event	General Public	95.0	Movies
Staten Island	Community Based Event	General Public	115.0	Movies
Staten Island	Community Based Event	General Public	15.0	Movies
Bronx	Community Based Event	Children,Young Adult,Adults,General Public	25.0	Play
Bronx	Community Based Event	General Public,Children	100.0	Play
Bronx	Community Based Event	Children,Young Adult,General Public	30.0	Play
Bronx	Community Based Event	General Public	122.0	Movies
Bronx	Community Based Event	Children,General Public	150.0	Play
Bronx	Community Based Event	General Public	16.0	Movies
Manhattan	Community Based Event	Adults,Young Adult,Seniors,General Public,Adaptive,Teens	93.0	Movies
Manhattan	Community Based Event	General Public,Children	500.0	Play
Manhattan	Community Based Event	General Public	127.0	Movies
Bronx	Community Based Event	General Public	38.0	Movies
Manhattan	Community Based Event	General Public	107.0	Movies
Manhattan	Community Based Event	General Public	1400.0	Movies
Bronx	Community Based Event	Children	70.0	Play
Bronx	Community Based Event	Children,Young Adult,Adults	30.0	Play
Bronx	Community Based Event	General Public	35.0	Movies
Bronx	Community Based Event	General Public	96.0	Movies
Bronx	Community Based Event	General Public	226.0	Movies
Bronx	Community Based Event	General Public	0.0	Movies
Bronx	Community Based Event	General Public	0.0	Movies
Bronx	Community Based Event	General Public	29.0	Movies
Staten Island	Community Based Event	Young Adult,Tot,Children	150.0	Play
Staten Island	Community Based Event	General Public	50.0	Movies
Manhattan	Community Based Event	General Public	40.0	Movies
Manhattan	Community Based Event	General Public	50.0	Movies
Manhattan	Local Event	Seniors,Children,Young Adult	27.0	Other
Manhattan	Community Based Event	General Public	80.0	Movies
Manhattan	Local Event	Children	55.0	Sport
Manhattan	Community Based Event	Children	0.0	Sport
Manhattan	Tournament/Competition	Young Adult,Teens	45.0	Sport
Manhattan	Community Based Event	Children,Tot,Young Adult,Adults,Teens,Seniors,Adaptive,General Public		Play
Manhattan	Community Based Event	General Public	95.0	Movies
Manhattan	Community Based Event	General Public	100.0	Movies
Manhattan	Community Based Event	General Public	40.0	Movies
Staten Island	Community Based Event	General Public	110.0	Movies
Manhattan	Tournament/Competition	Teens,Adults,Young Adult	16.0	Sport
Manhattan	Community Based Event	Tot,Children,Young Adult,Adults,Teens,Adaptive,Seniors,General Public	125.0	Fitness
Manhattan	Community Based Event	General Public	400.0	Movies
Manhattan	Community Based Event	General Public	35.0	Movies
Manhattan	Community Based Event	General Public	100.0	Movies
Staten Island	Community Based Event	General Public	50.0	Movies
Staten Island	Community Based Event	General Public	150.0	Movies
Staten Island	Community Based Event	General Public	175.0	Movies
Staten Island	Community Based Event	General Public	50.0	Movies
Bronx	Community Based Event	Children,Tot,Young Adult,Adults,Teens,Adaptive,Seniors,General Public	400.0	Play
Staten Island	Community Based Event	Children,Teens	55.0	Other
Staten Island	Tournament/Competition	Children,Teens	250.0	Sport
Manhattan	Local Event	Teens,Young Adult,Adults,Seniors	50.0	Other
Manhattan	Community Based Event	Tot,Children	757.0	Sport
Manhattan	Local Event	Children,Young Adult,Adults,Seniors	4.0	Lecture/Panel/Talk
Brooklyn	Local Event	Tot	102.0	Play
Brooklyn	Local Event	Tot	10.0	AC&F
Brooklyn	Local Event	Tot	30.0	AC&F
Brooklyn	Local Event	Children,Tot	104.0	Play
Brooklyn	Local Event	Tot	150.0	Sport
Manhattan	Tournament/Competition	Teens	15.0	Sport
Manhattan	Tournament/Competition	Adults,Seniors,Young Adult	60.0	Other
